ZIP CODE,CITY
91344,GRANADA HILLS
90015,LOS ANGELES
91306,WINNETKA
90020,LOS ANGELES
91303,CANOGA PARK
90057,LOS ANGELES
90032,LOS ANGELES
91307,WEST HILLS
91604,STUDIO CITY
90035,LOS ANGELES
91403,SHERMAN OAKS
90065,LOS ANGELES
90019,LOS ANGELES
90010,LOS ANGELES
90038,LOS ANGELES
90731,SAN PEDRO
90049,LOS ANGELES
90025,LOS ANGELES
91342,SYLMAR
90067,LOS ANGELES
90027,LOS ANGELES
91316,ENCINO
91352,SUN VALLEY
91607,VALLEY VILLAGE
91601,NORTH HOLLYWOOD
90022,LOS ANGELES
90066,LOS ANGELES
90031,LOS ANGELES
90505,TORRANCE
90006,LOS ANGELES
90018,LOS ANGELES
90044,LOS ANGELES
90034,LOS ANGELES
90041,LOS ANGELES
90014,LOS ANGELES
90028,LOS ANGELES
90230,CULVER CITY
90016,LOS ANGELES
90026,LOS ANGELES
91423,SHERMAN OAKS
90501,TORRANCE
90003,LOS ANGELES
90291,VENICE
90071,LOS ANGELES
90064,LOS ANGELES
90068,LOS ANGELES
90021,LOS ANGELES
91335,RESEDA
91364,WOODLAND HILLS
90232,CULVER CITY
90029,LOS ANGELES
90048,LOS ANGELES
91343,NORTH HILLS
90255,HUNTINGTON PARK
90011,LOS ANGELES
91331,PACOIMA
90004,LOS ANGELES
90001,LOS ANGELES
90058,LOS ANGELES
91331,ARLETA
90037,LOS ANGELES
91304,CANOGA PARK
90061,LOS ANGELES
91606,NORTH HOLLYWOOD
90017,LOS ANGELES
90005,LOS ANGELES
91367,WOODLAND HILLS
90036,LOS ANGELES
90024,LOS ANGELES
90744,WILMINGTON
93065,SIMI VALLEY
91401,VAN NUYS
90746,CARSON
91040,SUNLAND
91402,PANORAMA CITY
90046,LOS ANGELES
91356,TARZANA
90045,LOS ANGELES
91207,GLENDALE
90042,LOS ANGELES
91405,VAN NUYS
90008,LOS ANGELES
90023,LOS ANGELES
91324,NORTHRIDGE
91340,SAN FERNANDO
91605,NORTH HOLLYWOOD
90047,LOS ANGELES
90012,LOS ANGELES
91401,SHERMAN OAKS
90732,SAN PEDRO
90043,LOS ANGELES
91406,VAN NUYS
90007,LOS ANGELES
90069,LOS ANGELES
91311,CHATSWORTH
90292,MARINA DEL REY
90710,HARBOR CITY
90247,GARDENA
91436,ENCINO
91411,VAN NUYS
90211,BEVERLY HILLS
91042,TUJUNGA
91360,THOUSAND OAKS
90272,PACIFIC PALISADES
90013,LOS ANGELES
91001,ALTADENA
90039,LOS ANGELES
90028,HOLLYWOOD
91602,NORTH HOLLYWOOD
90094,PLAYA VISTA
93022,OAK VIEW
91325,NORTHRIDGE
90002,LOS ANGELES
91602,TOLUCA LAKE
90033,LOS ANGELES
90062,LOS ANGELES
91304,WEST HILLS
91302,CALABASAS
90712,LAKEWOOD
90401,SANTA MONICA
91351,CANYON COUNTRY
90266,MANHATTAN BEACH
91345,MISSION HILLS
90059,LOS ANGELES
90254,HERMOSA BEACH
91335,TARZANA
91306,CANOGA PARK
93021,MOORPARK
90063,LOS ANGELES
91750,LA VERNE
91020,MONTROSE
90058,VERNON
91011,LA CANADA
90745,CARSON
90262,LYNWOOD
90248,GARDENA
90210,BEVERLY HILLS
91709,CHINO HILLS
91326,PORTER RANCH
91343,NORTHRIDGE
91006,ARCADIA
90293,PLAYA DEL REY
91708,CHINO
90048,WEST HOLLYWOOD
90212,BEVERLY HILLS
90740,SEAL BEACH
93535,LANCASTER
91504,BURBANK
90079,LOS ANGELES
91605,N HOLLYWOOD
92626,COSTA MESA
91411,SHERMAN OAKS
90404,SANTA MONICA
90660,PICO RIVERA
91776,SAN GABRIEL
90250,HAWTHORNE
90717,LOMITA
90278,REDONDO BEACH
91521,BURBANK
91505,BURBANK
91606,N HOLLYWOOD
91790,WEST COVINA
90046,WEST HOLLYWOOD
91601,N HOLLYWOOD
91746,LA PUENTE
90069,WEST HOLLYWOOD
91214,GLENDALE
91205,GLENDALE
91754,MONTEREY PARK
91607,STUDIO CITY
90755,SIGNAL HILL
91301,AGOURA HILLS
90402,SANTA MONICA
90802,LONG BEACH
90303,INGLEWOOD
91016,MONROVIA
91362,THOUSAND OAKS
93551,PALMDALE
90056,LOS ANGELES
90405,SANTA MONICA
91204,GLENDALE
91608,UNIVERSAL CITY
90502,TORRANCE
91502,BURBANK
91506,BURBANK
91402,VAN NUYS
91330,NORTHRIDGE
91350,SANTA CLARITA
92587,CANYON LAKE
91387,CANYON COUNTRY
92881,CORONA
92260,PALM DESERT
93536,LANCASTER
91203,GLENDALE
91724,COVINA
90290,TOPANGA
92821,BREA
92509,RIVERSIDE
93012,CAMARILLO
90201,BELL
91501,BURBANK
90220,COMPTON
90249,GARDENA
90650,NORWALK
91355,VALENCIA
90077,LOS ANGELES
90831,LONG BEACH
91101,PASADENA
91303,WOODLAND HILLS
92590,TEMECULA
91745,HACIENDA HEIGHTS
91780,TEMPLE CITY
91214,LA CRESCENTA
92887,YORBA LINDA
80021,BROOMFIELD
91748,ROWLAND HEIGHTS
90503,TORRANCE
91202,GLENDALE
90041,EAGLE ROCK
90301,INGLEWOOD
90040,COMMERCE
91607,NORTH HOLLYWOOD
90305,INGLEWOOD
91803,ALHAMBRA
91343,SEPULVEDA
93727,FRESNO
92618,IRVINE
92336,FONTANA
92801,ANAHEIM
91320,NEWBURY PARK
91104,PASADENA
91326,NORTHRIDGE
91030,SOUTH PASADENA
90670,SANTA FE SPRINGS
90245,EL SEGUNDO
90280,SOUTH GATE
92629,DANA POINT
92630,LAKE FOREST
92867,ORANGE
91342,LAKE VIEW TERRACE
92865,ORANGE
90604,WHITTIER
93534,LANCASTER
93063,SIMI VALLEY
92841,GARDEN GROVE
92503,RIVERSIDE
91361,WESTLAKE VILLAGE
90815,LONG BEACH
91208,GLENDALE
63146,SAINT LOUIS
90241,DOWNEY
92377,RIALTO
92832,FULLERTON
91103,PASADENA
91765,DIAMOND BAR
92802,ANAHEIM
91201,GLENDALE
53072,PEWAUKEE
91381,STEVENSON RANCH
92627,COSTA MESA
91763,MONTCLAIR
90265,MALIBU
91744,LA PUENTE
91105,PASADENA
93550,PALMDALE
90723,PARAMOUNT
92653,LAGUNA HILLS
93552,PALMDALE
90605,WHITTIER
91106,PASADENA
90275,RANCHO PALOS VERDES
90221,COMPTON
90806,LONG BEACH
91107,PASADENA
90022,COMMERCE
91775,SAN GABRIEL
91730,RANCHO CUCAMONGA
92806,ANAHEIM
90703,CERRITOS
90038,WEST HOLLYWOOD
91602,STUDIO CITY
90601,WHITTIER
91761,ONTARIO
90731,LOS ANGELES
91773,SAN DIMAS
92612,IRVINE
91040,SHADOW HILLS
92860,NORCO
91770,ROSEMEAD
91206,GLENDALE
92505,RIVERSIDE
90302,INGLEWOOD
90640,MONTEBELLO
91786,UPLAND
92833,FULLERTON
91711,CLAREMONT
91723,COVINA
91010,DUARTE
91607,LOS ANGELES
93222,PINE MOUNTAIN CLUB
92121,SAN DIEGO
92345,HESPERIA
77079,HOUSTON
90706,BELLFLOWER
95624,ELK GROVE
19901,DOVER
32218,JACKSONVILLE
90803,LONG BEACH
92647,HUNTINGTON BEACH
55416,MINNEAPOLIS
91384,CASTAIC
92404,SAN BERNARDINO
84606,PROVO
06510,NEW HAVEN
91387,SANTA CLARITA
93225,FRAZIER PARK
91701,RANCHO CUCAMONGA
91362,WESTLAKE VILLAGE
91321,NEWHALL
92335,FONTANA
90713,LAKEWOOD
91739,RANCHO CUCAMONGA
10122,NEW YORK
90292,VENICE
90242,DOWNEY
90504,TORRANCE
92584,MENIFEE
02108,BOSTON
90073,LOS ANGELES
92081,VISTA
92705,SANTA ANA
91791,WEST COVINA
90230,LOS ANGELES
91789,WALNUT
92879,CORONA
91745,CITY OF INDUSTRY
90302,LOS ANGELES
90720,LOS ALAMITOS
90810,LONG BEACH
98006,BELLEVUE
90403,SANTA MONICA
91007,ARCADIA
90201,BELL GARDENS
91755,MONTEREY PARK
90052,LOS ANGELES
92780,TUSTIN
92882,CORONA
92648,HUNTINGTON BEACH
91406,LAKE BALBOA
94114,SAN FRANCISCO
91722,COVINA
91381,VALENCIA
91732,EL MONTE
90805,LONG BEACH
92831,FULLERTON
92504,RIVERSIDE
91766,POMONA
92507,RIVERSIDE
90260,LAWNDALE
92029,ESCONDIDO
90042,HIGHLAND PARK
92203,BERMUDA DUNES
92807,ANAHEIM
90814,LONG BEACH
92551,MORENO VALLEY
90804,LONG BEACH
93041,PORT HUENEME
92663,NEWPORT BEACH
91381,SANTA CLARITA
10105,NEW YORK
90304,INGLEWOOD
92374,REDLANDS
92870,PLACENTIA
91024,SIERRA MADRE
91801,ALHAMBRA
95691,WEST SACRAMENTO
91746,CITY OF INDUSTRY
92840,GARDEN GROVE
90620,BUENA PARK
91601,VALLEY VILLAGE
92127,SAN DIEGO
92570,PERRIS
90638,LA MIRADA
91307,BELL CANYON
91354,VALENCIA
92649,HUNTINGTON BEACH
92704,SANTA ANA
91008,BRADBURY
90807,LONG BEACH
93036,OXNARD
92056,OCEANSIDE
90621,BUENA PARK
93560,ROSAMOND
94105,SAN FRANCISCO
95012,CASTROVILLE
90067,CENTURY CITY
91390,SANTA CLARITA
91377,OAK PARK
92883,CORONA
93510,ACTON
92701,SANTA ANA
91764,ONTARIO
92346,HIGHLAND
94612,OAKLAND
92602,IRVINE
91350,SAUGUS
91602,N HOLLYWOOD
92886,YORBA LINDA
92805,ANAHEIM
91792,WEST COVINA
90201,CUDAHY
91733,EL MONTE
90025,WEST LOS ANGELES
91321,SANTA CLARITA
92614,IRVINE
90045,WESTCHESTER
92026,ESCONDIDO
92604,IRVINE
43230,COLUMBUS
91702,AZUSA
91702,IRWINDALE
92869,ORANGE
92835,FULLERTON
90274,ROLLING HILLS ESTATES
94107,SAN FRANCISCO
91767,POMONA
91740,GLENDORA
92660,NEWPORT BEACH
93543,LITTLEROCK
91351,SANTA CLARITA
90272,LOS ANGELES
92606,IRVINE
93612,CLOVIS
92530,LAKE ELSINORE
90277,REDONDO BEACH
91706,BALDWIN PARK
92337,FONTANA
92020,EL CAJON
56334,GLENWOOD
92656,ALISO VIEJO
92625,CORONA DEL MAR
92320,CALIMESA
92708,FOUNTAIN VALLEY
91401,VALLEY GLEN
92868,ORANGE
92563,MURRIETA
92120,SAN DIEGO
92688,RANCHO SANTA MARGARITA
91733,SOUTH EL MONTE
11042,NEW HYDE PARK
90716,HAWAIIAN GARDENS
92861,VILLA PARK
93505,CALIFORNIA CITY
90040,LOS ANGELES
93013,CARPINTERIA
90089,LOS ANGELES
95662,ORANGEVALE
94104,SAN FRANCISCO
93101,SANTA BARBARA
92672,SAN CLEMENTE
90095,LOS ANGELES
93001,VENTURA
90023,COMMERCE
93108,MONTECITO
92595,WILDOMAR
91710,CHINO
92692,MISSION VIEJO
90094,LOS ANGELES
91108,SAN MARINO
90255,WALNUT PARK
92003,BONSALL
90808,LONG BEACH
92009,CARLSBAD
63044,BRIDGETON
92707,SANTA ANA
90240,DOWNEY
53538,FORT ATKINSON
93536,QUARTZ HILL
90631,LA HABRA
91011,LA CANADA FLINTRIDGE
95814,SACRAMENTO
10003,NEW YORK
93308,BAKERSFIELD
22107,MC LEAN
92408,SAN BERNARDINO
91406,LOS ANGELES
91784,UPLAND
90274,ROLLING HILLS
94501,ALAMEDA
92101,SAN DIEGO
92808,ANAHEIM
92804,ANAHEIM
92508,RIVERSIDE
92373,REDLANDS
92324,COLTON
90222,COMPTON
95833,SACRAMENTO
91371,WOODLAND HILLS
92571,PERRIS
94510,BENICIA
91768,POMONA
85085,PHOENIX
92501,RIVERSIDE
90090,LOS ANGELES
91744,CITY OF INDUSTRY
93230,HANFORD
95742,RANCHO CORDOVA
89128,LAS VEGAS
93304,BAKERSFIELD
92399,YUCAIPA
93003,VENTURA
94598,WALNUT CREEK
93033,OXNARD
91741,GLENDORA
92646,HUNTINGTON BEACH
92065,RAMONA
90810,CARSON
90813,LONG BEACH
92553,MORENO VALLEY
90270,MAYWOOD
92673,SAN CLEMENTE
20191,RESTON
92407,SAN BERNARDINO
92620,IRVINE
93463,SOLVANG
91706,IRWINDALE
90630,CYPRESS
93591,PALMDALE
92010,CARLSBAD
92314,BIG BEAR CITY
90077,BEL AIR
92078,SAN MARCOS
92562,MURRIETA
90291,LOS ANGELES
92211,PALM DESERT
92014,DEL MAR
92067,RANCHO SANTA FE
92506,RIVERSIDE
91731,EL MONTE
92395,VICTORVILLE
55060,OWATONNA
91748,CITY OF INDUSTRY
95215,STOCKTON
91401,LOS ANGELES
92264,PALM SPRINGS
75006,CARROLLTON
92028,FALLBROOK
90274,PALOS VERDES ESTATES
19958,LEWES
93066,SOMIS
92651,LAGUNA BEACH
92677,LAGUNA NIGUEL
75057,LEWISVILLE
90631,LA HABRA HEIGHTS
95132,SAN JOSE
48023,IRA
92270,RANCHO MIRAGE
97209,PORTLAND
63119,SAINT LOUIS
92058,OCEANSIDE
77388,SPRING
08873,SOMERSET
91606,VALLEY GLEN
94949,NOVATO
80108,CASTLE PINES
92040,LAKESIDE
98077,WOODINVILLE
92583,SAN JACINTO
91325,SHERWOOD FOREST
01702,FRAMINGHAM
92356,LUCERNE VALLEY
82001,CHEYENNE
90501,LOS ANGELES
18915,COLMAR
83616,EAGLE
92008,CARLSBAD
95630,FOLSOM
90680,STANTON
92683,WESTMINSTER
98101,SEATTLE
93023,OJAI
94804,RICHMOND
91762,ONTARIO
10573,PORT CHESTER
84104,SALT LAKE CITY
92543,HEMET
91301,AGOURA
92102,SAN DIEGO
92025,ESCONDIDO
91345,LOS ANGELES
92532,LAKE ELSINORE
92703,SANTA ANA
96001,REDDING
90050,LOS ANGELES
91210,GLENDALE
90093,LOS ANGELES
90008,VIEW PARK
92555,MORENO VALLEY
92382,RUNNING SPRINGS
93040,PIRU
90081,LOS ANGELES
30328,ATLANTA
93446,PASO ROBLES
92315,BIG BEAR LAKE
92111,SAN DIEGO
93514,BISHOP
91606,LOS ANGELES
85016,PHOENIX
91737,ALTA LOMA
33426,BOYNTON BEACH
20037,WASHINGTON
93035,OXNARD
92220,BANNING
91932,IMPERIAL BEACH
57719,BOX ELDER
33166,MIAMI SPRINGS
92591,TEMECULA
94010,BURLINGAME
91354,SANTA CLARITA
90606,WHITTIER
92325,CRESTLINE
55092,WYOMING
92103,SAN DIEGO
10018,NEW YORK
92071,SANTEE
92557,MORENO VALLEY
92203,INDIO
93454,SANTA MARIA
91601,LOS ANGELES
66062,OLATHE
92694,LADERA RANCH
92880,EASTVALE
92064,POWAY
91403,LOS ANGELES
91605,LOS ANGELES
27263,HIGH POINT
93274,TULARE
92352,LAKE ARROWHEAD
19801,WILMINGTON
92344,OAK HILLS
30004,ALPHARETTA
92313,GRAND TERRACE
91355,SANTA CLARITA
93546,MAMMOTH LAKES
91405,LOS ANGELES
92301,ADELANTO
90701,ARTESIA
36695,MOBILE
10118,NEW YORK
93711,FRESNO
32311,TALLAHASSEE
91390,AGUA DULCE
91701,ALTA LOMA
92024,ENCINITAS
45215,CINCINNATI
92880,CORONA
92392,VICTORVILLE
81403,MONTROSE
92054,OCEANSIDE
92316,BLOOMINGTON
91436,LOS ANGELES
90715,LAKEWOOD
93030,OXNARD
64106,KANSAS CITY
89439,VERDI
30326,ATLANTA
91402,LOS ANGELES
93455,SANTA MARIA
98382,SEQUIM
90022,EAST LOS ANGELES
92544,HEMET
94702,BERKELEY
93060,SANTA PAULA
91342,LOS ANGELES
53717,MADISON
92878,CORONA
15655,ANSAN-SI GYEONGGI-DO
07004,FAIRFIELD
49855,MARQUETTE
11105,ASTORIA
91307,CANOGA PARK
91342,KAGEL CANYON
85756,TUCSON
95035,MILPITAS
92567,NUEVO
92866,ORANGE
92372,PINON HILLS
48238,DETROIT
30144,KENNESAW
92342,HELENDALE
44139,SOLON
91405,VALLEY GLEN
48084,TROY
07960,MORRISTOWN
15145,TURTLE CREEK
90292,LOS ANGELES
90601,CITY OF INDUSTRY
29306,SPARTANBURG
94080,SOUTH SAN FRANCISCO
91423,VAN NUYS
10530,HARTSDALE
92069,SAN MARCOS
11205,BROOKLYN
75001,ADDISON
92128,SAN DIEGO
93545,LONE PINE
91413,SHERMAN OAKS
92694,RANCHO MISSION VIEJO
30014,COVINGTON
89107,LAS VEGAS
10601,WHITE PLAINS
98109,SEATTLE
91752,JURUPA VALLEY
91365,WOODLAND HILLS
66215,LENEXA
93291,VISALIA
94583,SAN RAMON
78741,AUSTIN
10016,NEW YORK
91372,CALABASAS
66211,OVERLAND PARK
93527,INYOKERN
94954,PETALUMA
94551,LIVERMORE
92376,RIALTO
92691,MISSION VIEJO
84720,CEDAR CITY
92371,PHELAN
91607,N HOLLYWOOD
90056,WINDSOR HILLS
48033,SOUTHFIELD
78628,GEORGETOWN
98107,SEATTLE
91403,VAN NUYS
92617,IRVINE
92130,SAN DIEGO
93923,CARMEL
90602,WHITTIER
95825,SACRAMENTO
91604,LOS ANGELES
02038,FRANKLIN
76102,FORT WORTH
92240,DESERT HOT SPRINGS
92308,APPLE VALLEY
92057,OCEANSIDE
91411,LOS ANGELES
93631,KINGSBURG
93619,CLOVIS
95834,SACRAMENTO
98037,LYNNWOOD
91303,LOS ANGELES
33702,SAINT PETERSBURG
94402,SAN MATEO
30043,LAWRENCEVILLE
19044,HORSHAM
95826,SACRAMENTO
95811,SACRAMENTO
93010,CAMARILLO
33609,TAMPA
95827,SACRAMENTO
92037,LA JOLLA
95816,SACRAMENTO
78731,AUSTIN
